id,name,model_id:id,group_id:id,perm_read,perm_write,perm_create,perm_unlink
access_housemaid_configuration_externaloffices_salesuser,housemaidsystem.housemaidsystem.configuration.externaloffices.salesuser,housemaidsystem.model_housemaidsystem_configuration_externaloffices,sales_user_group,1,1,1,1
access_housemaid_configuration_accountitems_salesuser,housemaidsystem.housemaidsystem.configuration.accountitems.salesuser,housemaidsystem.model_housemaidsystem_configuration_accountitems,sales_user_group,1,1,1,1
access_housemaid_applicant_applications_salesuser,housemaidsystem.housemaidsystem.applicant.applications.salesuser,housemaidsystem.model_housemaidsystem_applicant_applications,sales_user_group,1,1,1,1
access_housemaid_applicant_reservations_salesuser,housemaidsystem.housemaidsystem.applicant.reservations.salesuser,housemaidsystem.model_housemaidsystem_applicant_reservations,sales_user_group,1,1,1,1
access_housemaid_applicant_cancel_reservations_salesuser,housemaidsystem.housemaidsystem.applicant.cancel_reservations.salesuser,housemaidsystem.model_housemaidsystem_applicant_cancel_reservations,sales_user_group,1,1,1,1
access_housemaid_applicant_visa_salesuser,housemaidsystem.housemaidsystem.applicant.visa.salesuser,housemaidsystem.model_housemaidsystem_applicant_visa,sales_user_group,1,1,1,1
access_housemaid_applicant_cancel_visa_salesuser,housemaidsystem.housemaidsystem.applicant.cancel_visa.salesuser,housemaidsystem.model_housemaidsystem_applicant_cancel_visa,sales_user_group,1,1,1,1
access_housemaid_applicant_expectedarrival_salesuser,housemaidsystem.housemaidsystem.applicant.expectedarrival.salesuser,housemaidsystem.model_housemaidsystem_applicant_expectedarrival,sales_user_group,1,1,1,1
access_housemaid_applicant_cancel_expectedarrival_salesuser,housemaidsystem.housemaidsystem.applicant.cancel_expectedarrival.salesuser,housemaidsystem.model_housemaidsystem_applicant_cancel_expectedarrival,sales_user_group,1,1,1,1
access_housemaid_applicant_arrival_salesuser,housemaidsystem.housemaidsystem.applicant.arrival.salesuser,housemaidsystem.model_housemaidsystem_applicant_arrival,sales_user_group,1,1,1,1
access_housemaid_applicant_deliver_salesuser,housemaidsystem.housemaidsystem.applicant.deliver.salesuser,housemaidsystem.model_housemaidsystem_applicant_deliver,sales_user_group,1,1,1,1
access_housemaid_applicant_returnback_salesuser,housemaidsystem.housemaidsystem.applicant.returnback.salesuser,housemaidsystem.model_housemaidsystem_applicant_returnback,sales_user_group,1,1,1,1
access_housemaid_configuration_postapplied_salesuser,housemaidsystem.housemaidsystem.configuration.postapplied.salesuser,housemaidsystem.model_housemaidsystem_configuration_postapplied,sales_user_group,1,1,1,1
access_housemaid_configuration_religion_salesuser,housemaidsystem.housemaidsystem.configuration.religion.salesuser,housemaidsystem.model_housemaidsystem_configuration_religion,sales_user_group,1,1,1,1
access_housemaid_configuration_sponsor_occupation_salesuser,housemaidsystem.housemaidsystem.configuration.sponsor_occupation.salesuser,housemaidsystem.model_housemaidsystem_configuration_sponsor_occupation,sales_user_group,1,1,1,1
access_housemaid_configuration_sponsor_house_type_salesuser,housemaidsystem.housemaidsystem.configuration.sponsor_house_type.salesuser,housemaidsystem.model_housemaidsystem_configuration_sponsor_house_type,sales_user_group,1,1,1,1
access_housemaid_configuration_education_salesuser,housemaidsystem.housemaidsystem.configuration.education.salesuser,housemaidsystem.model_housemaidsystem_configuration_education,sales_user_group,1,1,1,1
access_housemaid_applicant_cancelapplication_salesuser,housemaidsystem.housemaidsystem.applicant.cancelapplication.salesuser,housemaidsystem.model_housemaidsystem_applicant_cancelapplication,sales_user_group,1,1,1,1
access_housemaid_applicant_activateapplication_salesuser,housemaidsystem.housemaidsystem.applicant.activateapplication.salesuser,housemaidsystem.model_housemaidsystem_applicant_activateapplication,sales_user_group,1,1,1,1
access_housemaid_configuration_externalofficetrans_salesuser,housemaidsystem.housemaidsystem.configuration.externalofficetrans.salesuser,housemaidsystem.model_housemaidsystem_configuration_externalofficetrans,sales_user_group,1,1,1,1
access_housemaid_configuration_externalofficetransdet_salesuser,housemaidsystem.housemaidsystem.configuration.externalofficetransdet.salesuser,housemaidsystem.model_housemaidsystem_configuration_externalofficetransdet,sales_user_group,1,1,1,1
access_housemaid_applicant_resell_salesuser,housemaidsystem.housemaidsystem.applicant.resell.salesuser,housemaidsystem.model_housemaidsystem_applicant_resell,sales_user_group,1,1,1,1
access_housemaid_applicant_selltest_salesuser,housemaidsystem.housemaidsystem.applicant.selltest.salesuser,housemaidsystem.model_housemaidsystem_applicant_selltest,sales_user_group,1,1,1,1
access_housemaid_applicant_returnbackfromfirstsponsor_salesuser,housemaidsystem.housemaidsystem.applicant.returnbackfromfirstsponsor.salesuser,housemaidsystem.model_housemaidsystem_applicant_returnbackfromfirstsponsor,sales_user_group,1,1,1,1
access_housemaid_applicant_backtocountryafterfirstsponsor_salesuser,housemaidsystem.housemaidsystem.applicant.backtocountryafterfirstsponsor.salesuser,housemaidsystem.model_housemaidsystem_applicant_backtocountryafterfirstsponsor,sales_user_group,1,1,1,1
access_housemaid_applicant_backtocountryafterlastsponsor_salesuser,housemaidsystem.housemaidsystem.applicant.backtocountryafterlastsponsor.salesuser,housemaidsystem.model_housemaidsystem_applicant_backtocountryafterlastsponsor,sales_user_group,1,1,1,1
access_housemaid_applicant_housemaidsystem_system_support_salesuser,housemaidsystem.housemaidsystem.system.support.salesuser,housemaidsystem.model_housemaidsystem_system_support,sales_user_group,1,0,0,0
access_housemaid_applicant_returnbackfromlastsponsor_salesuser,housemaidsystem.housemaidsystem.applicant.returnbackfromlastsponsor.salesuser,housemaidsystem.model_housemaidsystem_applicant_returnbackfromlastsponsor,sales_user_group,1,1,1,1
access_housemaid_configuration_officebranches_salesuser,housemaidsystem.housemaidsystem.configuration.officebranches.salesuser,housemaidsystem.model_housemaidsystem_configuration_officebranches,sales_user_group,1,1,1,1
access_housemaid_housemaid_configuration_settings_salesuser,housemaidsystem.housemaidsystem.configuration.settings.salesuser,housemaidsystem.model_housemaidsystem_configuration_settings,sales_user_group,1,1,1,1
access_housemaid_product_product_salesuser,product.product.salesuser,product.model_product_product,sales_user_group,1,1,1,1
access_housemaid_product_template_salesuser,product.template.salesuser,product.model_product_template,sales_user_group,1,1,1,1
access_housemaid_account_journal_salesuser,account.journal.salesuser,account.model_account_journal,sales_user_group,1,1,1,1
access_housemaid_account_invoice_salesuser,account.invoice.salesuser,account.model_account_move,sales_user_group,1,1,1,1
access_housemaid_account_invoice_line_salesuser,account.invoice.line.salesuser,account.model_account_move_line,sales_user_group,1,1,1,1
access_housemaid_account_move_salesuser,account.move.salesuser,account.model_account_move,sales_user_group,1,1,1,1
access_housemaid_account_move_line_salesuser,account.move.line.salesuser,account.model_account_move_line,sales_user_group,1,1,1,1
access_housemaid_account_payment_salesuser,account.payment.salesuser,account.model_account_payment,sales_user_group,1,1,1,1
access_housemaid_account_partial_reconcile_salesuser,account.partial.reconcile.salesuser,account.model_account_partial_reconcile,sales_user_group,1,1,1,1
access_housemaid_account_account_type_salesuser,account.account.type.salesuser,account.model_account_account_type,sales_user_group,1,1,1,1
access_housemaid_account_account_salesuser,account.account.salesuser,account.model_account_account,sales_user_group,1,1,1,1
access_housemaid_account_payment_method_salesuser,account.payment.method.salesuser,account.model_account_payment_method,sales_user_group,1,1,1,1
access_housemaid_account_analytic_line_salesuser,account.analytic.line.salesuser,account.model_account_analytic_line,sales_user_group,1,1,1,1
access_housemaid_account_full_reconcile_salesuser,account.full.reconcile.salesuser,account.model_account_full_reconcile,sales_user_group,1,1,1,1
access_housemaid_configuration_systemreports_salesuser,housemaidsystem.housemaidsystem.configuration.systemreports.salesuser,housemaidsystem.model_housemaidsystem_configuration_systemreports,sales_user_group,1,1,1,1
access_housemaid_configuration_systemreportparameters_salesuser,housemaidsystem.housemaidsystem.configuration.systemreportparameters.salesuser,housemaidsystem.model_housemaidsystem_configuration_systemreportparameters,sales_user_group,1,1,1,1
access_housemaid_sponsorpayments_salesuser,housemaidsystem.housemaidsystem.sponsorpayments.salesuser,housemaidsystem.model_housemaidsystem_sponsorpayments,sales_user_group,1,1,1,1
access_housemaid_housemaidsystem_wizard_application_activation_wz_salesuser,housemaidsystem.housemaidsystem.wizard.application_activation_wz.salesuser,housemaidsystem.model_housemaidsystem_wizard_application_activation_wz,sales_user_group,1,1,1,1
access_housemaid_housemaidsystem_wizard_application_cancellation_wz_salesuser,housemaidsystem.housemaidsystem.wizard.application_cancellation_wz.salesuser,housemaidsystem.model_housemaidsystem_wizard_application_cancellation_wz,sales_user_group,1,1,1,1
access_housemaid_housemaidsystem_wizard_application_list_wz_salesuser,housemaidsystem.housemaidsystem.wizard.application_list_wz.salesuser,housemaidsystem.model_housemaidsystem_wizard_application_list_wz,sales_user_group,1,1,1,1
access_housemaid_housemaidsystem_wizard_arrival_list_wz_salesuser,housemaidsystem.housemaidsystem.wizard.arrival_list_wz.salesuser,housemaidsystem.model_housemaidsystem_wizard_arrival_list_wz,sales_user_group,1,1,1,1
access_housemaid_housemaidsystem_wizard_deliver_list_wz_salesuser,housemaidsystem.housemaidsystem.wizard.deliver_list_wz.salesuser,housemaidsystem.model_housemaidsystem_wizard_deliver_list_wz,sales_user_group,1,1,1,1
access_housemaid_housemaidsystem_wizard_expected_arrival_list_wz_salesuser,housemaidsystem.housemaidsystem.wizard.expected_arrival_list_wz.salesuser,housemaidsystem.model_housemaidsystem_wizard_expected_arrival_list_wz,sales_user_group,1,1,1,1
access_housemaid_housemaidsystem_wizard_reservations_list_wz_salesuser,housemaidsystem.housemaidsystem.wizard.reservations_list_wz.salesuser,housemaidsystem.model_housemaidsystem_wizard_reservations_list_wz,sales_user_group,1,1,1,1
access_housemaid_housemaidsystem_wizard_visa_list_wz_salesuser,housemaidsystem.housemaidsystem.wizard.visa_list_wz.salesuser,housemaidsystem.model_housemaidsystem_wizard_visa_list_wz,sales_user_group,1,1,1,1
access_base_ir_ui_view_salesuser,base.ir.ui.view.salesuser,base.model_ir_ui_view,sales_user_group,1,1,1,1
access_base_ir_sequence_salesuser,base.ir.sequence.salesuser,base.model_ir_sequence,sales_user_group,1,1,1,1
access_housemaid_applicant_collect_payment_late_salesuser,housemaidsystem.housemaidsystem.applicant.collect_payment_late.salesuser,housemaidsystem.model_housemaidsystem_applicant_collect_payment_late,sales_user_group,1,1,1,1
access_housemaid_configuration_contracts_print_salesuser,housemaidsystem.housemaidsystem.configuration.contracts_print.salesuser,housemaidsystem.model_housemaidsystem_configuration_contracts_print,sales_user_group,1,1,1,1
access_housemaid_configuration_area_salesuser,housemaidsystem.housemaidsystem.configuration.area.salesuser,housemaidsystem.model_housemaidsystem_configuration_area,sales_user_group,1,1,1,1




access_housemaid_configuration_externaloffices_salesmanager,housemaidsystem.housemaidsystem.configuration.externaloffices.salesmanager,housemaidsystem.model_housemaidsystem_configuration_externaloffices,sales_manager_user_group,1,1,1,1
access_housemaid_configuration_accountitems_salesmanager,housemaidsystem.housemaidsystem.configuration.accountitems.salesmanager,housemaidsystem.model_housemaidsystem_configuration_accountitems,sales_manager_user_group,1,1,1,1
access_housemaid_configuration_officebranches_salesmanager,housemaidsystem.housemaidsystem.configuration.officebranches.salesmanager,housemaidsystem.model_housemaidsystem_configuration_officebranches,sales_manager_user_group,1,1,1,1
access_housemaid_applicant_applications_salesmanager,housemaidsystem.housemaidsystem.applicant.applications.salesmanager,housemaidsystem.model_housemaidsystem_applicant_applications,sales_manager_user_group,1,1,1,1
access_housemaid_applicant_reservations_salesmanager,housemaidsystem.housemaidsystem.applicant.reservations.salesmanager,housemaidsystem.model_housemaidsystem_applicant_reservations,sales_manager_user_group,1,1,1,1
access_housemaid_applicant_cancel_reservations_salesmanager,housemaidsystem.housemaidsystem.applicant.cancel_reservations.salesmanager,housemaidsystem.model_housemaidsystem_applicant_cancel_reservations,sales_manager_user_group,1,1,1,1
access_housemaid_applicant_visa_salesmanager,housemaidsystem.housemaidsystem.applicant.visa.salesmanager,housemaidsystem.model_housemaidsystem_applicant_visa,sales_manager_user_group,1,1,1,1
access_housemaid_applicant_cancel_visa_salesmanager,housemaidsystem.housemaidsystem.applicant.cancel_visa.salesmanager,housemaidsystem.model_housemaidsystem_applicant_cancel_visa,sales_manager_user_group,1,1,1,1
access_housemaid_applicant_expectedarrival_salesmanager,housemaidsystem.housemaidsystem.applicant.expectedarrival.salesmanager,housemaidsystem.model_housemaidsystem_applicant_expectedarrival,sales_manager_user_group,1,1,1,1
access_housemaid_applicant_cancel_expectedarrival_salesmanager,housemaidsystem.housemaidsystem.applicant.cancel_expectedarrival.salesmanager,housemaidsystem.model_housemaidsystem_applicant_cancel_expectedarrival,sales_manager_user_group,1,1,1,1
access_housemaid_applicant_arrival_salesmanager,housemaidsystem.housemaidsystem.applicant.arrival.salesmanager,housemaidsystem.model_housemaidsystem_applicant_arrival,sales_manager_user_group,1,1,1,1
access_housemaid_applicant_cancel_arrival_salesmanager,housemaidsystem.housemaidsystem.applicant.cancel_arrival.salesmanager,housemaidsystem.model_housemaidsystem_applicant_cancel_arrival,sales_manager_user_group,1,1,1,1
access_housemaid_applicant_deliver_salesmanager,housemaidsystem.housemaidsystem.applicant.deliver.salesmanager,housemaidsystem.model_housemaidsystem_applicant_deliver,sales_manager_user_group,1,1,1,1
access_housemaid_applicant_returnback_salesmanager,housemaidsystem.housemaidsystem.applicant.returnback.salesmanager,housemaidsystem.model_housemaidsystem_applicant_returnback,sales_manager_user_group,1,1,1,1
access_housemaid_configuration_postapplied_salesmanager,housemaidsystem.housemaidsystem.configuration.postapplied.salesmanager,housemaidsystem.model_housemaidsystem_configuration_postapplied,sales_manager_user_group,1,1,1,1
access_housemaid_configuration_religion_salesmanager,housemaidsystem.housemaidsystem.configuration.religion.salesmanager,housemaidsystem.model_housemaidsystem_configuration_religion,sales_manager_user_group,1,1,1,1
access_housemaid_configuration_sponsor_occupation_salesmanager,housemaidsystem.housemaidsystem.configuration.sponsor_occupation.salesmanager,housemaidsystem.model_housemaidsystem_configuration_sponsor_occupation,sales_manager_user_group,1,1,1,1
access_housemaid_configuration_sponsor_house_type_salesmanager,housemaidsystem.housemaidsystem.configuration.sponsor_house_type.salesmanager,housemaidsystem.model_housemaidsystem_configuration_sponsor_house_type,sales_manager_user_group,1,1,1,1
access_housemaid_configuration_education_salesmanager,housemaidsystem.housemaidsystem.configuration.education.salesmanager,housemaidsystem.model_housemaidsystem_configuration_education,sales_manager_user_group,1,1,1,1
access_housemaid_applicant_cancelapplication_salesmanager,housemaidsystem.housemaidsystem.applicant.cancelapplication.salesmanager,housemaidsystem.model_housemaidsystem_applicant_cancelapplication,sales_manager_user_group,1,1,1,1
access_housemaid_applicant_activateapplication_salesmanager,housemaidsystem.housemaidsystem.applicant.activateapplication.salesmanager,housemaidsystem.model_housemaidsystem_applicant_activateapplication,sales_manager_user_group,1,1,1,1
access_housemaid_configuration_externalofficetrans_salesmanager,housemaidsystem.housemaidsystem.configuration.externalofficetrans.salesmanager,housemaidsystem.model_housemaidsystem_configuration_externalofficetrans,sales_manager_user_group,1,1,1,1
access_housemaid_configuration_externalofficetransdet_salesmanager,housemaidsystem.housemaidsystem.configuration.externalofficetransdet.salesmanager,housemaidsystem.model_housemaidsystem_configuration_externalofficetransdet,sales_manager_user_group,1,1,1,1
access_housemaid_applicant_resell_salesmanager,housemaidsystem.housemaidsystem.applicant.resell.salesmanager,housemaidsystem.model_housemaidsystem_applicant_resell,sales_manager_user_group,1,1,1,1
access_housemaid_applicant_selltest_salesmanager,housemaidsystem.housemaidsystem.applicant.selltest.salesmanager,housemaidsystem.model_housemaidsystem_applicant_selltest,sales_manager_user_group,1,1,1,1
access_housemaid_applicant_returnbackfromfirstsponsor_salesmanager,housemaidsystem.housemaidsystem.applicant.returnbackfromfirstsponsor.salesmanager,housemaidsystem.model_housemaidsystem_applicant_returnbackfromfirstsponsor,sales_manager_user_group,1,1,1,1
access_housemaid_applicant_backtocountryafterfirstsponsor_salesmanager,housemaidsystem.housemaidsystem.applicant.backtocountryafterfirstsponsor.salesmanager,housemaidsystem.model_housemaidsystem_applicant_backtocountryafterfirstsponsor,sales_manager_user_group,1,1,1,1
access_housemaid_applicant_backtocountryafterlastsponsor_salesmanager,housemaidsystem.housemaidsystem.applicant.backtocountryafterlastsponsor.salesmanager,housemaidsystem.model_housemaidsystem_applicant_backtocountryafterlastsponsor,sales_manager_user_group,1,1,1,1
access_housemaid_applicant_returnbackfromlastsponsor_salesmanager,housemaidsystem.housemaidsystem.applicant.returnbackfromlastsponsor.salesmanager,housemaidsystem.model_housemaidsystem_applicant_returnbackfromlastsponsor,sales_manager_user_group,1,1,1,1
access_housemaid_housemaid_configuration_settings_salesmanager,housemaidsystem.housemaidsystem.configuration.settings.salesmanager,housemaidsystem.model_housemaidsystem_configuration_settings,sales_manager_user_group,1,1,1,1
access_housemaid_product_product_salesmanager,product.product.salesmanager,product.model_product_product,sales_manager_user_group,1,1,1,1
access_housemaid_product_template_salesmanager,product.template.salesmanager,product.model_product_template,sales_manager_user_group,1,1,1,1
access_housemaid_account_journal_salesmanager,account.journal.salesmanager,account.model_account_journal,sales_manager_user_group,1,1,1,1
access_housemaid_account_invoice_salesmanager,account.invoice.salesmanager,account.model_account_move,sales_manager_user_group,1,1,1,1
access_housemaid_account_invoice_line_salesmanager,account.invoice.line.salesmanager,account.model_account_move_line,sales_manager_user_group,1,1,1,1
access_housemaid_account_move_salesmanager,account.move.salesmanager,account.model_account_move,sales_manager_user_group,1,1,1,1
access_housemaid_account_move_line_salesmanager,account.move.line.salesmanager,account.model_account_move_line,sales_manager_user_group,1,1,1,1
access_housemaid_account_payment_salesmanager,account.payment.salesmanager,account.model_account_payment,sales_manager_user_group,1,1,1,1
access_housemaid_account_partial_reconcile_salesmanager,account.partial.reconcile.salesmanager,account.model_account_partial_reconcile,sales_manager_user_group,1,1,1,1
access_housemaid_account_account_type_salesmanager,account.account.type.salesmanager,account.model_account_account_type,sales_manager_user_group,1,1,1,1
access_housemaid_account_account_salesmanager,account.account.salesmanager,account.model_account_account,sales_manager_user_group,1,1,1,1
access_housemaid_account_payment_method_salesmanager,account.payment.method.salesmanager,account.model_account_payment_method,sales_manager_user_group,1,1,1,1
access_housemaid_account_analytic_line_salesmanager,account.analytic.line.salesmanager,account.model_account_analytic_line,sales_manager_user_group,1,1,1,1
access_housemaid_account_full_reconcile_salesmanager,account.full.reconcile.salesmanager,account.model_account_full_reconcile,sales_manager_user_group,1,1,1,1
access_housemaid_configuration_systemreports_salesmanager,housemaidsystem.housemaidsystem.configuration.systemreports.salesmanager,housemaidsystem.model_housemaidsystem_configuration_systemreports,sales_manager_user_group,1,1,1,1
access_housemaid_configuration_systemreportparameters_salesmanager,housemaidsystem.housemaidsystem.configuration.systemreportparameters.salesmanager,housemaidsystem.model_housemaidsystem_configuration_systemreportparameters,sales_manager_user_group,1,1,1,1
access_housemaid_sponsorpayments_salesmanager,housemaidsystem.housemaidsystem.sponsorpayments.salesmanager,housemaidsystem.model_housemaidsystem_sponsorpayments,sales_manager_user_group,1,1,1,1
access_housemaid_applicant_housemaidsystem_system_support_salesmanager,housemaidsystem.housemaidsystem.system.support.salesmanager,housemaidsystem.model_housemaidsystem_system_support,sales_manager_user_group,1,0,0,0
access_housemaid_housemaidsystem_wizard_application_activation_wz_salesmanager,housemaidsystem.housemaidsystem.wizard.application_activation_wz.salesmanager,housemaidsystem.model_housemaidsystem_wizard_application_activation_wz,sales_manager_user_group,1,1,1,1
access_housemaid_housemaidsystem_wizard_application_cancellation_wz_salesmanager,housemaidsystem.housemaidsystem.wizard.application_cancellation_wz.salesmanager,housemaidsystem.model_housemaidsystem_wizard_application_cancellation_wz,sales_manager_user_group,1,1,1,1
access_housemaid_housemaidsystem_wizard_application_list_wz_salesmanager,housemaidsystem.housemaidsystem.wizard.application_list_wz.salesmanager,housemaidsystem.model_housemaidsystem_wizard_application_list_wz,sales_manager_user_group,1,1,1,1
access_housemaid_housemaidsystem_wizard_arrival_list_wz_salesmanager,housemaidsystem.housemaidsystem.wizard.arrival_list_wz.salesmanager,housemaidsystem.model_housemaidsystem_wizard_arrival_list_wz,sales_user_group,1,1,1,1
access_housemaid_housemaidsystem_wizard_deliver_list_wz_salesmanager,housemaidsystem.housemaidsystem.wizard.deliver_list_wz.salesmanager,housemaidsystem.model_housemaidsystem_wizard_deliver_list_wz,sales_user_group,1,1,1,1
access_housemaid_housemaidsystem_wizard_expected_arrival_list_wz_salesmanager,housemaidsystem.housemaidsystem.wizard.expected_arrival_list_wz.salesmanager,housemaidsystem.model_housemaidsystem_wizard_expected_arrival_list_wz,sales_user_group,1,1,1,1
access_housemaid_housemaidsystem_wizard_reservations_list_wz_salesmanager,housemaidsystem.housemaidsystem.wizard.reservations_list_wz.salesmanager,housemaidsystem.model_housemaidsystem_wizard_reservations_list_wz,sales_user_group,1,1,1,1
access_housemaid_housemaidsystem_wizard_visa_list_wz_salesmanager,housemaidsystem.housemaidsystem.wizard.visa_list_wz.salesmanager,housemaidsystem.model_housemaidsystem_wizard_visa_list_wz,sales_user_group,1,1,1,1
access_base_ir_ui_view_salesmanager,base.ir.ui.view.salesmanager,base.model_ir_ui_view,sales_manager_user_group,1,1,1,1
access_base_ir_sequence_salesmanager,base.ir.sequence.salesmanager,base.model_ir_sequence,sales_manager_user_group,1,1,1,1
access_housemaid_applicant_collect_payment_late_salesmanager,housemaidsystem.housemaidsystem.applicant.collect_payment_late.salesmanager,housemaidsystem.model_housemaidsystem_applicant_collect_payment_late,sales_manager_user_group,1,1,1,1
access_housemaid_configuration_contracts_print_salesmanager,housemaidsystem.housemaidsystem.configuration.contracts_print.salesmanager,housemaidsystem.model_housemaidsystem_configuration_contracts_print,sales_manager_user_group,1,1,1,1
access_housemaid_configuration_area_salesmanager,housemaidsystem.housemaidsystem.configuration.area.salesmanager,housemaidsystem.model_housemaidsystem_configuration_area,sales_manager_user_group,1,1,1,1




access_housemaid_configuration_externaloffices_systemmanager,housemaidsystem.housemaidsystem.configuration.externaloffices.systemmanager,housemaidsystem.model_housemaidsystem_configuration_externaloffices,system_manager_user_group,1,1,1,1
access_housemaid_configuration_accountitems_systemmanager,housemaidsystem.housemaidsystem.configuration.accountitems.systemmanager,housemaidsystem.model_housemaidsystem_configuration_accountitems,system_manager_user_group,1,1,1,1
access_housemaid_configuration_officebranches_systemmanager,housemaidsystem.housemaidsystem.configuration.officebranches.systemmanager,housemaidsystem.model_housemaidsystem_configuration_officebranches,system_manager_user_group,1,1,1,1
access_housemaid_applicant_applications_systemmanager,housemaidsystem.housemaidsystem.applicant.applications.systemmanager,housemaidsystem.model_housemaidsystem_applicant_applications,system_manager_user_group,1,1,1,1
access_housemaid_applicant_reservations_systemmanager,housemaidsystem.housemaidsystem.applicant.reservations.systemmanager,housemaidsystem.model_housemaidsystem_applicant_reservations,system_manager_user_group,1,1,1,1
access_housemaid_applicant_cancel_reservations_systemmanager,housemaidsystem.housemaidsystem.applicant.cancel_reservations.systemmanager,housemaidsystem.model_housemaidsystem_applicant_cancel_reservations,system_manager_user_group,1,1,1,1
access_housemaid_applicant_visa_systemmanager,housemaidsystem.housemaidsystem.applicant.visa.systemmanager,housemaidsystem.model_housemaidsystem_applicant_visa,system_manager_user_group,1,1,1,1
access_housemaid_applicant_cancel_visa_systemmanager,housemaidsystem.housemaidsystem.applicant.cancel_visa.systemmanager,housemaidsystem.model_housemaidsystem_applicant_cancel_visa,system_manager_user_group,1,1,1,1
access_housemaid_applicant_expectedarrival_systemmanager,housemaidsystem.housemaidsystem.applicant.expectedarrival.systemmanager,housemaidsystem.model_housemaidsystem_applicant_expectedarrival,system_manager_user_group,1,1,1,1
access_housemaid_applicant_cancel_expectedarrival_systemmanager,housemaidsystem.housemaidsystem.applicant.cancel_expectedarrival.systemmanager,housemaidsystem.model_housemaidsystem_applicant_cancel_expectedarrival,system_manager_user_group,1,1,1,1
access_housemaid_applicant_arrival_systemmanager,housemaidsystem.housemaidsystem.applicant.arrival.systemmanager,housemaidsystem.model_housemaidsystem_applicant_arrival,system_manager_user_group,1,1,1,1
access_housemaid_applicant_cancel_arrival_systemmanager,housemaidsystem.housemaidsystem.applicant.cancel_arrival.systemmanager,housemaidsystem.model_housemaidsystem_applicant_cancel_arrival,system_manager_user_group,1,1,1,1
access_housemaid_applicant_deliver_systemmanager,housemaidsystem.housemaidsystem.applicant.deliver.systemmanager,housemaidsystem.model_housemaidsystem_applicant_deliver,system_manager_user_group,1,1,1,1
access_housemaid_applicant_returnback_systemmanager,housemaidsystem.housemaidsystem.applicant.returnback.systemmanager,housemaidsystem.model_housemaidsystem_applicant_returnback,system_manager_user_group,1,1,1,1
access_housemaid_configuration_postapplied_systemmanager,housemaidsystem.housemaidsystem.configuration.postapplied.systemmanager,housemaidsystem.model_housemaidsystem_configuration_postapplied,system_manager_user_group,1,1,1,1
access_housemaid_configuration_religion_systemmanager,housemaidsystem.housemaidsystem.configuration.religion.systemmanager,housemaidsystem.model_housemaidsystem_configuration_religion,system_manager_user_group,1,1,1,1
access_housemaid_configuration_sponsor_occupation_systemmanager,housemaidsystem.housemaidsystem.configuration.sponsor_occupation.systemmanager,housemaidsystem.model_housemaidsystem_configuration_sponsor_occupation,system_manager_user_group,1,1,1,1
access_housemaid_configuration_sponsor_house_type_systemmanager,housemaidsystem.housemaidsystem.configuration.sponsor_house_type.systemmanager,housemaidsystem.model_housemaidsystem_configuration_sponsor_house_type,system_manager_user_group,1,1,1,1
access_housemaid_configuration_education_systemmanager,housemaidsystem.housemaidsystem.configuration.education.systemmanager,housemaidsystem.model_housemaidsystem_configuration_education,system_manager_user_group,1,1,1,1
access_housemaid_applicant_cancelapplication_systemmanager,housemaidsystem.housemaidsystem.applicant.cancelapplication.systemmanager,housemaidsystem.model_housemaidsystem_applicant_cancelapplication,system_manager_user_group,1,1,1,1
access_housemaid_applicant_activateapplication_systemmanager,housemaidsystem.housemaidsystem.applicant.activateapplication.systemmanager,housemaidsystem.model_housemaidsystem_applicant_activateapplication,system_manager_user_group,1,1,1,1
access_housemaid_configuration_externalofficetrans_systemmanager,housemaidsystem.housemaidsystem.configuration.externalofficetrans.systemmanager,housemaidsystem.model_housemaidsystem_configuration_externalofficetrans,system_manager_user_group,1,1,1,1
access_housemaid_configuration_externalofficetransdet_systemmanager,housemaidsystem.housemaidsystem.configuration.externalofficetransdet.systemmanager,housemaidsystem.model_housemaidsystem_configuration_externalofficetransdet,system_manager_user_group,1,1,1,1
access_housemaid_applicant_resell_systemmanager,housemaidsystem.housemaidsystem.applicant.resell.systemmanager,housemaidsystem.model_housemaidsystem_applicant_resell,system_manager_user_group,1,1,1,1
access_housemaid_applicant_selltest_systemmanager,housemaidsystem.housemaidsystem.applicant.selltest.systemmanager,housemaidsystem.model_housemaidsystem_applicant_selltest,system_manager_user_group,1,1,1,1
access_housemaid_applicant_returnbackfromfirstsponsor_systemmanager,housemaidsystem.housemaidsystem.applicant.returnbackfromfirstsponsor.systemmanager,housemaidsystem.model_housemaidsystem_applicant_returnbackfromfirstsponsor,system_manager_user_group,1,1,1,1
access_housemaid_applicant_backtocountryafterfirstsponsor_systemmanager,housemaidsystem.housemaidsystem.applicant.backtocountryafterfirstsponsor.systemmanager,housemaidsystem.model_housemaidsystem_applicant_backtocountryafterfirstsponsor,system_manager_user_group,1,1,1,1
access_housemaid_applicant_backtocountryafterlastsponsor_systemmanager,housemaidsystem.housemaidsystem.applicant.backtocountryafterlastsponsor.systemmanager,housemaidsystem.model_housemaidsystem_applicant_backtocountryafterlastsponsor,system_manager_user_group,1,1,1,1
access_housemaid_applicant_returnbackfromlastsponsor_systemmanager,housemaidsystem.housemaidsystem.applicant.returnbackfromlastsponsor.systemmanager,housemaidsystem.model_housemaidsystem_applicant_returnbackfromlastsponsor,system_manager_user_group,1,1,1,1
access_housemaid_housemaid_configuration_settings_systemmanager,housemaidsystem.housemaidsystem.configuration.settings.systemmanager,housemaidsystem.model_housemaidsystem_configuration_settings,system_manager_user_group,1,1,1,1
access_housemaid_product_product_systemmanager,product.product.systemmanager,product.model_product_product,system_manager_user_group,1,1,1,1
access_housemaid_product_template_systemmanager,product.template.systemmanager,product.model_product_template,system_manager_user_group,1,1,1,1
access_housemaid_account_journal_systemmanager,account.journal.systemmanager,account.model_account_journal,system_manager_user_group,1,1,1,1
access_housemaid_account_invoice_systemmanager,account.invoice.systemmanager,account.model_account_move,system_manager_user_group,1,1,1,1
access_housemaid_account_invoice_line_systemmanager,account.invoice.line.systemmanager,account.model_account_move_line,system_manager_user_group,1,1,1,1
access_housemaid_account_move_systemmanager,account.move.systemmanager,account.model_account_move,system_manager_user_group,1,1,1,1
access_housemaid_account_move_line_systemmanager,account.move.line.systemmanager,account.model_account_move_line,system_manager_user_group,1,1,1,1
access_housemaid_account_payment_systemmanager,account.payment.systemmanager,account.model_account_payment,system_manager_user_group,1,1,1,1
access_housemaid_account_partial_reconcile_systemmanager,account.partial.reconcile.systemmanager,account.model_account_partial_reconcile,system_manager_user_group,1,1,1,1
access_housemaid_account_account_type_systemmanager,account.account.type.systemmanager,account.model_account_account_type,system_manager_user_group,1,1,1,1
access_housemaid_account_account_systemmanager,account.account.systemmanager,account.model_account_account,system_manager_user_group,1,1,1,1
access_housemaid_account_payment_method_systemmanager,account.payment.method.systemmanager,account.model_account_payment_method,system_manager_user_group,1,1,1,1
access_housemaid_account_analytic_line_systemmanager,account.analytic.line.systemmanager,account.model_account_analytic_line,system_manager_user_group,1,1,1,1
access_housemaid_account_full_reconcile_systemmanager,account.full.reconcile.systemmanager,account.model_account_full_reconcile,system_manager_user_group,1,1,1,1
access_housemaid_configuration_systemreports_systemmanager,housemaidsystem.housemaidsystem.configuration.systemreports.systemmanager,housemaidsystem.model_housemaidsystem_configuration_systemreports,system_manager_user_group,1,1,1,1
access_housemaid_configuration_systemreportparameters_systemmanager,housemaidsystem.housemaidsystem.configuration.systemreportparameters.systemmanager,housemaidsystem.model_housemaidsystem_configuration_systemreportparameters,system_manager_user_group,1,1,1,1
access_housemaid_sponsorpayments_systemmanager,housemaidsystem.housemaidsystem.sponsorpayments.systemmanager,housemaidsystem.model_housemaidsystem_sponsorpayments,system_manager_user_group,1,1,1,1
access_housemaid_applicant_housemaidsystem_system_support_systemmanager,housemaidsystem.housemaidsystem.system.support.systemmanager,housemaidsystem.model_housemaidsystem_system_support,system_manager_user_group,1,1,1,1
access_housemaid_housemaidsystem_wizard_application_activation_wz_systemmanager,housemaidsystem.housemaidsystem.wizard.application_activation_wz.systemmanager,housemaidsystem.model_housemaidsystem_wizard_application_activation_wz,system_manager_user_group,1,1,1,1
access_housemaid_housemaidsystem_wizard_application_cancellation_wz_systemmanager,housemaidsystem.housemaidsystem.wizard.application_cancellation_wz.systemmanager,housemaidsystem.model_housemaidsystem_wizard_application_cancellation_wz,system_manager_user_group,1,1,1,1
access_housemaid_housemaidsystem_wizard_application_list_wz_systemmanager,housemaidsystem.housemaidsystem.wizard.application_list_wz.systemmanager,housemaidsystem.model_housemaidsystem_wizard_application_list_wz,system_manager_user_group,1,1,1,1
access_housemaid_housemaidsystem_wizard_arrival_list_wz_systemmanager,housemaidsystem.housemaidsystem.wizard.arrival_list_wz.systemmanager,housemaidsystem.model_housemaidsystem_wizard_arrival_list_wz,sales_user_group,1,1,1,1
access_housemaid_housemaidsystem_wizard_deliver_list_wz_systemmanager,housemaidsystem.housemaidsystem.wizard.deliver_list_wz.systemmanager,housemaidsystem.model_housemaidsystem_wizard_deliver_list_wz,sales_user_group,1,1,1,1
access_housemaid_housemaidsystem_wizard_expected_arrival_list_wz_systemmanager,housemaidsystem.housemaidsystem.wizard.expected_arrival_list_wz.systemmanager,housemaidsystem.model_housemaidsystem_wizard_expected_arrival_list_wz,sales_user_group,1,1,1,1
access_housemaid_housemaidsystem_wizard_reservations_list_wz_systemmanager,housemaidsystem.housemaidsystem.wizard.reservations_list_wz.systemmanager,housemaidsystem.model_housemaidsystem_wizard_reservations_list_wz,sales_user_group,1,1,1,1
access_housemaid_housemaidsystem_wizard_visa_list_wz_systemmanager,housemaidsystem.housemaidsystem.wizard.visa_list_wz.systemmanager,housemaidsystem.model_housemaidsystem_wizard_visa_list_wz,sales_user_group,1,1,1,1
access_base_ir_ui_view_systemmanager,base.ir.ui.view.systemmanager,base.model_ir_ui_view,system_manager_user_group,1,1,1,1
access_base_ir_sequence_systemmanager,base.ir.sequence.systemmanager,base.model_ir_sequence,system_manager_user_group,1,1,1,1
access_housemaid_applicant_collect_payment_late_systemmanager,housemaidsystem.housemaidsystem.applicant.collect_payment_late.systemmanager,housemaidsystem.model_housemaidsystem_applicant_collect_payment_late,system_manager_user_group,1,1,1,1
access_housemaid_configuration_contracts_print_systemmanager,housemaidsystem.housemaidsystem.configuration.contracts_print.systemmanager,housemaidsystem.model_housemaidsystem_configuration_contracts_print,system_manager_user_group,1,1,1,1
access_housemaid_configuration_area_systemmanager,housemaidsystem.housemaidsystem.configuration.area.systemmanager,housemaidsystem.model_housemaidsystem_configuration_area,system_manager_user_group,1,1,1,1



access_housemaid_configuration_externaloffices_accountinguser,housemaidsystem.housemaidsystem.configuration.externaloffices.accountinguser,housemaidsystem.model_housemaidsystem_configuration_externaloffices,accounting_user_group,1,1,1,1
access_housemaid_configuration_accountitems_accountinguser,housemaidsystem.housemaidsystem.configuration.accountitems.accountinguser,housemaidsystem.model_housemaidsystem_configuration_accountitems,accounting_user_group,1,1,1,1
access_housemaid_configuration_officebranches_accountinguser,housemaidsystem.housemaidsystem.configuration.officebranches.accountinguser,housemaidsystem.model_housemaidsystem_configuration_officebranches,accounting_user_group,1,1,1,1
access_housemaid_applicant_applications_accountinguser,housemaidsystem.housemaidsystem.applicant.applications.accountinguser,housemaidsystem.model_housemaidsystem_applicant_applications,accounting_user_group,1,1,1,1
access_housemaid_applicant_reservations_accountinguser,housemaidsystem.housemaidsystem.applicant.reservations.accountinguser,housemaidsystem.model_housemaidsystem_applicant_reservations,accounting_user_group,1,1,1,1
access_housemaid_applicant_cancel_reservations_accountinguser,housemaidsystem.housemaidsystem.applicant.cancel_reservations.accountinguser,housemaidsystem.model_housemaidsystem_applicant_cancel_reservations,accounting_user_group,1,1,1,1
access_housemaid_applicant_visa_accountinguser,housemaidsystem.housemaidsystem.applicant.visa.accountinguser,housemaidsystem.model_housemaidsystem_applicant_visa,accounting_user_group,1,1,1,1
access_housemaid_applicant_cancel_visa_accountinguser,housemaidsystem.housemaidsystem.applicant.cancel_visa.accountinguser,housemaidsystem.model_housemaidsystem_applicant_cancel_visa,accounting_user_group,1,1,1,1
access_housemaid_applicant_expectedarrival_accountinguser,housemaidsystem.housemaidsystem.applicant.expectedarrival.accountinguser,housemaidsystem.model_housemaidsystem_applicant_expectedarrival,accounting_user_group,1,1,1,1
access_housemaid_applicant_cancel_expectedarrival_accountinguser,housemaidsystem.housemaidsystem.applicant.cancel_expectedarrival.accountinguser,housemaidsystem.model_housemaidsystem_applicant_cancel_expectedarrival,accounting_user_group,1,1,1,1
access_housemaid_applicant_arrival_accountinguser,housemaidsystem.housemaidsystem.applicant.arrival.accountinguser,housemaidsystem.model_housemaidsystem_applicant_arrival,accounting_user_group,1,1,1,1
access_housemaid_applicant_cancel_arrival_accountinguser,housemaidsystem.housemaidsystem.applicant.cancel_arrival.accountinguser,housemaidsystem.model_housemaidsystem_applicant_cancel_arrival,accounting_user_group,1,1,1,1
access_housemaid_applicant_deliver_accountinguser,housemaidsystem.housemaidsystem.applicant.deliver.accountinguser,housemaidsystem.model_housemaidsystem_applicant_deliver,accounting_user_group,1,1,1,1
access_housemaid_applicant_returnback_accountinguser,housemaidsystem.housemaidsystem.applicant.returnback.accountinguser,housemaidsystem.model_housemaidsystem_applicant_returnback,accounting_user_group,1,1,1,1
access_housemaid_configuration_postapplied_accountinguser,housemaidsystem.housemaidsystem.configuration.postapplied.accountinguser,housemaidsystem.model_housemaidsystem_configuration_postapplied,accounting_user_group,1,1,1,1
access_housemaid_configuration_religion_accountinguser,housemaidsystem.housemaidsystem.configuration.religion.accountinguser,housemaidsystem.model_housemaidsystem_configuration_religion,accounting_user_group,1,1,1,1
access_housemaid_configuration_sponsor_occupation_accountinguser,housemaidsystem.housemaidsystem.configuration.sponsor_occupation.accountinguser,housemaidsystem.model_housemaidsystem_configuration_sponsor_occupation,accounting_user_group,1,1,1,1
access_housemaid_configuration_sponsor_house_type_accountinguser,housemaidsystem.housemaidsystem.configuration.sponsor_house_type.accountinguser,housemaidsystem.model_housemaidsystem_configuration_sponsor_house_type,accounting_user_group,1,1,1,1
access_housemaid_configuration_education_accountinguser,housemaidsystem.housemaidsystem.configuration.education.accountinguser,housemaidsystem.model_housemaidsystem_configuration_education,accounting_user_group,1,1,1,1
access_housemaid_applicant_cancelapplication_accountinguser,housemaidsystem.housemaidsystem.applicant.cancelapplication.accountinguser,housemaidsystem.model_housemaidsystem_applicant_cancelapplication,accounting_user_group,1,1,1,1
access_housemaid_applicant_activateapplication_accountinguser,housemaidsystem.housemaidsystem.applicant.activateapplication.accountinguser,housemaidsystem.model_housemaidsystem_applicant_activateapplication,accounting_user_group,1,1,1,1
access_housemaid_configuration_externalofficetrans_accountinguser,housemaidsystem.housemaidsystem.configuration.externalofficetrans.accountinguser,housemaidsystem.model_housemaidsystem_configuration_externalofficetrans,accounting_user_group,1,1,1,1
access_housemaid_configuration_externalofficetransdet_accountinguser,housemaidsystem.housemaidsystem.configuration.externalofficetransdet.accountinguser,housemaidsystem.model_housemaidsystem_configuration_externalofficetransdet,accounting_user_group,1,1,1,1
access_housemaid_applicant_resell_accountinguser,housemaidsystem.housemaidsystem.applicant.resell.accountinguser,housemaidsystem.model_housemaidsystem_applicant_resell,accounting_user_group,1,1,1,1
access_housemaid_applicant_selltest_accountinguser,housemaidsystem.housemaidsystem.applicant.selltest.accountinguser,housemaidsystem.model_housemaidsystem_applicant_selltest,accounting_user_group,1,1,1,1
access_housemaid_applicant_returnbackfromfirstsponsor_accountinguser,housemaidsystem.housemaidsystem.applicant.returnbackfromfirstsponsor.accountinguser,housemaidsystem.model_housemaidsystem_applicant_returnbackfromfirstsponsor,accounting_user_group,1,1,1,1
access_housemaid_applicant_backtocountryafterfirstsponsor_accountinguser,housemaidsystem.housemaidsystem.applicant.backtocountryafterfirstsponsor.accountinguser,housemaidsystem.model_housemaidsystem_applicant_backtocountryafterfirstsponsor,accounting_user_group,1,1,1,1
access_housemaid_applicant_backtocountryafterlastsponsor_accountinguser,housemaidsystem.housemaidsystem.applicant.backtocountryafterlastsponsor.accountinguser,housemaidsystem.model_housemaidsystem_applicant_backtocountryafterlastsponsor,accounting_user_group,1,1,1,1
access_housemaid_applicant_returnbackfromlastsponsor_accountinguser,housemaidsystem.housemaidsystem.applicant.returnbackfromlastsponsor.accountinguser,housemaidsystem.model_housemaidsystem_applicant_returnbackfromlastsponsor,accounting_user_group,1,1,1,1
access_housemaid_housemaid_configuration_settings_accountinguser,housemaidsystem.housemaidsystem.configuration.settings.accountinguser,housemaidsystem.model_housemaidsystem_configuration_settings,accounting_user_group,1,1,1,1
access_housemaid_product_product_accountinguser,product.product.accountinguser,product.model_product_product,accounting_user_group,1,1,1,1
access_housemaid_product_template_accountinguser,product.template.accountinguser,product.model_product_template,accounting_user_group,1,1,1,1
access_housemaid_account_journal_accountinguser,account.journal.accountinguser,account.model_account_journal,accounting_user_group,1,1,1,1
access_housemaid_account_invoice_accountinguser,account.invoice.accountinguser,account.model_account_move,accounting_user_group,1,1,1,1
access_housemaid_account_invoice_line_accountinguser,account.invoice.line.accountinguser,account.model_account_move_line,accounting_user_group,1,1,1,1
access_housemaid_account_move_accountinguser,account.move.accountinguser,account.model_account_move,accounting_user_group,1,1,1,1
access_housemaid_account_move_line_accountinguser,account.move.line.accountinguser,account.model_account_move_line,accounting_user_group,1,1,1,1
access_housemaid_account_payment_accountinguser,account.payment.accountinguser,account.model_account_payment,accounting_user_group,1,1,1,1
access_housemaid_account_partial_reconcile_accountinguser,account.partial.reconcile.accountinguser,account.model_account_partial_reconcile,accounting_user_group,1,1,1,1
access_housemaid_account_account_type_accountinguser,account.account.type.accountinguser,account.model_account_account_type,accounting_user_group,1,1,1,1
access_housemaid_account_account_accountinguser,account.account.accountinguser,account.model_account_account,accounting_user_group,1,1,1,1
access_housemaid_account_payment_method_accountinguser,account.payment.method.accountinguser,account.model_account_payment_method,accounting_user_group,1,1,1,1
access_housemaid_account_analytic_line_accountinguser,account.analytic.line.accountinguser,account.model_account_analytic_line,accounting_user_group,1,1,1,1
access_housemaid_account_full_reconcile_accountinguser,account.full.reconcile.accountinguser,account.model_account_full_reconcile,accounting_user_group,1,1,1,1
access_housemaid_configuration_systemreports_accountinguser,housemaidsystem.housemaidsystem.configuration.systemreports.accountinguser,housemaidsystem.model_housemaidsystem_configuration_systemreports,accounting_user_group,1,1,1,1
access_housemaid_configuration_systemreportparameters_accountinguser,housemaidsystem.housemaidsystem.configuration.systemreportparameters.accountinguser,housemaidsystem.model_housemaidsystem_configuration_systemreportparameters,accounting_user_group,1,1,1,1
access_housemaid_sponsorpayments_accountinguser,housemaidsystem.housemaidsystem.sponsorpayments.accountinguser,housemaidsystem.model_housemaidsystem_sponsorpayments,accounting_user_group,1,1,1,1
access_housemaid_applicant_housemaidsystem_system_support_accountinguser,housemaidsystem.housemaidsystem.system.support.accountinguser,housemaidsystem.model_housemaidsystem_system_support,accounting_user_group,1,0,0,0
access_base_ir_ui_view_accountinguser,base.ir.ui.view.accountinguser,base.model_ir_ui_view,accounting_user_group,1,1,1,1
access_base_ir_sequence_accountinguser,base.ir.sequence.accountinguser,base.model_ir_sequence,accounting_user_group,1,1,1,1
access_housemaid_housemaidsystem_wizard_application_activation_wz_accountinguser,housemaidsystem.housemaidsystem.wizard.application_activation_wz.accountinguser,housemaidsystem.model_housemaidsystem_wizard_application_activation_wz,accounting_user_group,1,1,1,1
access_housemaid_housemaidsystem_wizard_application_cancellation_wz_accountinguser,housemaidsystem.housemaidsystem.wizard.application_cancellation_wz.accountinguser,housemaidsystem.model_housemaidsystem_wizard_application_cancellation_wz,accounting_user_group,1,1,1,1
access_housemaid_housemaidsystem_wizard_application_list_wz_accountinguser,housemaidsystem.housemaidsystem.wizard.application_list_wz.accountinguser,housemaidsystem.model_housemaidsystem_wizard_application_list_wz,accounting_user_group,1,1,1,1
access_housemaid_housemaidsystem_wizard_arrival_list_wz_accountinguser,housemaidsystem.housemaidsystem.wizard.arrival_list_wz.accountinguser,housemaidsystem.model_housemaidsystem_wizard_arrival_list_wz,sales_user_group,1,1,1,1
access_housemaid_housemaidsystem_wizard_deliver_list_wz_accountinguser,housemaidsystem.housemaidsystem.wizard.deliver_list_wz.accountinguser,housemaidsystem.model_housemaidsystem_wizard_deliver_list_wz,sales_user_group,1,1,1,1
access_housemaid_housemaidsystem_wizard_expected_arrival_list_wz_accountinguser,housemaidsystem.housemaidsystem.wizard.expected_arrival_list_wz.accountinguser,housemaidsystem.model_housemaidsystem_wizard_expected_arrival_list_wz,sales_user_group,1,1,1,1
access_housemaid_housemaidsystem_wizard_reservations_list_wz_accountinguser,housemaidsystem.housemaidsystem.wizard.reservations_list_wz.accountinguser,housemaidsystem.model_housemaidsystem_wizard_reservations_list_wz,sales_user_group,1,1,1,1
access_housemaid_housemaidsystem_wizard_visa_list_wz_accountinguser,housemaidsystem.housemaidsystem.wizard.visa_list_wz.accountinguser,housemaidsystem.model_housemaidsystem_wizard_visa_list_wz,sales_user_group,1,1,1,1
access_housemaid_applicant_collect_payment_late_accountinguser,housemaidsystem.housemaidsystem.applicant.collect_payment_late.accountinguser,housemaidsystem.model_housemaidsystem_applicant_collect_payment_late,accounting_user_group,1,1,1,1
access_housemaid_configuration_contracts_print_accountinguser,housemaidsystem.housemaidsystem.configuration.contracts_print.accountinguser,housemaidsystem.model_housemaidsystem_configuration_contracts_print,accounting_user_group,1,1,1,1
access_housemaid_configuration_area_accountinguser,housemaidsystem.housemaidsystem.configuration.area.accountinguser,housemaidsystem.model_housemaidsystem_configuration_area,accounting_user_group,1,1,1,1



access_housemaid_configuration_externaloffices_accountingmanager,housemaidsystem.housemaidsystem.configuration.externaloffices.accountingmanager,housemaidsystem.model_housemaidsystem_configuration_externaloffices,accounting_manager_user_group,1,1,1,1
access_housemaid_configuration_accountitems_accountingmanager,housemaidsystem.housemaidsystem.configuration.accountitems.accountingmanager,housemaidsystem.model_housemaidsystem_configuration_accountitems,accounting_manager_user_group,1,1,1,1
access_housemaid_configuration_officebranches_accountingmanager,housemaidsystem.housemaidsystem.configuration.officebranches.accountingmanager,housemaidsystem.model_housemaidsystem_configuration_officebranches,accounting_manager_user_group,1,1,1,1
access_housemaid_applicant_applications_accountingmanager,housemaidsystem.housemaidsystem.applicant.applications.accountingmanager,housemaidsystem.model_housemaidsystem_applicant_applications,accounting_manager_user_group,1,1,1,1
access_housemaid_applicant_reservations_accountingmanager,housemaidsystem.housemaidsystem.applicant.reservations.accountingmanager,housemaidsystem.model_housemaidsystem_applicant_reservations,accounting_manager_user_group,1,1,1,1
access_housemaid_applicant_cancel_reservations_accountingmanager,housemaidsystem.housemaidsystem.applicant.cancel_reservations.accountingmanager,housemaidsystem.model_housemaidsystem_applicant_cancel_reservations,accounting_manager_user_group,1,1,1,1
access_housemaid_applicant_visa_accountingmanager,housemaidsystem.housemaidsystem.applicant.visa.accountingmanager,housemaidsystem.model_housemaidsystem_applicant_visa,accounting_manager_user_group,1,1,1,1
access_housemaid_applicant_cancel_visa_accountingmanager,housemaidsystem.housemaidsystem.applicant.cancel_visa.accountingmanager,housemaidsystem.model_housemaidsystem_applicant_cancel_visa,accounting_manager_user_group,1,1,1,1
access_housemaid_applicant_expectedarrival_accountingmanager,housemaidsystem.housemaidsystem.applicant.expectedarrival.accountingmanager,housemaidsystem.model_housemaidsystem_applicant_expectedarrival,accounting_manager_user_group,1,1,1,1
access_housemaid_applicant_cancel_expectedarrival_accountingmanager,housemaidsystem.housemaidsystem.applicant.cancel_expectedarrival.accountingmanager,housemaidsystem.model_housemaidsystem_applicant_cancel_expectedarrival,accounting_manager_user_group,1,1,1,1
access_housemaid_applicant_arrival_accountingmanager,housemaidsystem.housemaidsystem.applicant.arrival.accountingmanager,housemaidsystem.model_housemaidsystem_applicant_arrival,accounting_manager_user_group,1,1,1,1
access_housemaid_applicant_cancel_arrival_accountingmanager,housemaidsystem.housemaidsystem.applicant.cancel_arrival.accountingmanager,housemaidsystem.model_housemaidsystem_applicant_cancel_arrival,accounting_manager_user_group,1,1,1,1
access_housemaid_applicant_deliver_accountingmanager,housemaidsystem.housemaidsystem.applicant.deliver.accountingmanager,housemaidsystem.model_housemaidsystem_applicant_deliver,accounting_manager_user_group,1,1,1,1
access_housemaid_applicant_returnback_accountingmanager,housemaidsystem.housemaidsystem.applicant.returnback.accountingmanager,housemaidsystem.model_housemaidsystem_applicant_returnback,accounting_manager_user_group,1,1,1,1
access_housemaid_configuration_postapplied_accountingmanager,housemaidsystem.housemaidsystem.configuration.postapplied.accountingmanager,housemaidsystem.model_housemaidsystem_configuration_postapplied,accounting_manager_user_group,1,1,1,1
access_housemaid_configuration_religion_accountingmanager,housemaidsystem.housemaidsystem.configuration.religion.accountingmanager,housemaidsystem.model_housemaidsystem_configuration_religion,accounting_manager_user_group,1,1,1,1
access_housemaid_configuration_sponsor_occupation_accountingmanager,housemaidsystem.housemaidsystem.configuration.sponsor_occupation.accountingmanager,housemaidsystem.model_housemaidsystem_configuration_sponsor_occupation,accounting_manager_user_group,1,1,1,1
access_housemaid_configuration_sponsor_house_type_accountingmanager,housemaidsystem.housemaidsystem.configuration.sponsor_house_type.accountingmanager,housemaidsystem.model_housemaidsystem_configuration_sponsor_house_type,accounting_manager_user_group,1,1,1,1
access_housemaid_configuration_education_accountingmanager,housemaidsystem.housemaidsystem.configuration.education.accountingmanager,housemaidsystem.model_housemaidsystem_configuration_education,accounting_manager_user_group,1,1,1,1
access_housemaid_applicant_cancelapplication_accountingmanager,housemaidsystem.housemaidsystem.applicant.cancelapplication.accountingmanager,housemaidsystem.model_housemaidsystem_applicant_cancelapplication,accounting_manager_user_group,1,1,1,1
access_housemaid_applicant_activateapplication_accountingmanager,housemaidsystem.housemaidsystem.applicant.activateapplication.accountingmanager,housemaidsystem.model_housemaidsystem_applicant_activateapplication,accounting_manager_user_group,1,1,1,1
access_housemaid_configuration_externalofficetrans_accountingmanager,housemaidsystem.housemaidsystem.configuration.externalofficetrans.accountingmanager,housemaidsystem.model_housemaidsystem_configuration_externalofficetrans,accounting_manager_user_group,1,1,1,1
access_housemaid_configuration_externalofficetransdet_accountingmanager,housemaidsystem.housemaidsystem.configuration.externalofficetransdet.accountingmanager,housemaidsystem.model_housemaidsystem_configuration_externalofficetransdet,accounting_manager_user_group,1,1,1,1
access_housemaid_applicant_resell_accountingmanager,housemaidsystem.housemaidsystem.applicant.resell.accountingmanager,housemaidsystem.model_housemaidsystem_applicant_resell,accounting_manager_user_group,1,1,1,1
access_housemaid_applicant_selltest_accountingmanager,housemaidsystem.housemaidsystem.applicant.selltest.accountingmanager,housemaidsystem.model_housemaidsystem_applicant_selltest,accounting_manager_user_group,1,1,1,1
access_housemaid_applicant_returnbackfromfirstsponsor_accountingmanager,housemaidsystem.housemaidsystem.applicant.returnbackfromfirstsponsor.accountingmanager,housemaidsystem.model_housemaidsystem_applicant_returnbackfromfirstsponsor,accounting_manager_user_group,1,1,1,1
access_housemaid_applicant_backtocountryafterfirstsponsor_accountingmanager,housemaidsystem.housemaidsystem.applicant.backtocountryafterfirstsponsor.accountingmanager,housemaidsystem.model_housemaidsystem_applicant_backtocountryafterfirstsponsor,accounting_manager_user_group,1,1,1,1
access_housemaid_applicant_backtocountryafterlastsponsor_accountingmanager,housemaidsystem.housemaidsystem.applicant.backtocountryafterlastsponsor.accountingmanager,housemaidsystem.model_housemaidsystem_applicant_backtocountryafterlastsponsor,accounting_manager_user_group,1,1,1,1
access_housemaid_applicant_returnbackfromlastsponsor_accountingmanager,housemaidsystem.housemaidsystem.applicant.returnbackfromlastsponsor.accountingmanager,housemaidsystem.model_housemaidsystem_applicant_returnbackfromlastsponsor,accounting_manager_user_group,1,1,1,1
access_housemaid_housemaid_configuration_settings_accountingmanager,housemaidsystem.housemaidsystem.configuration.settings.accountingmanager,housemaidsystem.model_housemaidsystem_configuration_settings,accounting_manager_user_group,1,1,1,1
access_housemaid_product_product_accountingmanager,product.product.accountingmanager,product.model_product_product,accounting_manager_user_group,1,1,1,1
access_housemaid_product_template_accountingmanager,product.template.accountingmanager,product.model_product_template,accounting_manager_user_group,1,1,1,1
access_housemaid_account_journal_accountingmanager,account.journal.accountingmanager,account.model_account_journal,accounting_manager_user_group,1,1,1,1
access_housemaid_account_invoice_accountingmanager,account.invoice.accountingmanager,account.model_account_move,accounting_manager_user_group,1,1,1,1
access_housemaid_account_invoice_line_accountingmanager,account.invoice.line.accountingmanager,account.model_account_move_line,accounting_manager_user_group,1,1,1,1
access_housemaid_account_move_accountingmanager,account.move.accountingmanager,account.model_account_move,accounting_manager_user_group,1,1,1,1
access_housemaid_account_move_line_accountingmanager,account.move.line.accountingmanager,account.model_account_move_line,accounting_manager_user_group,1,1,1,1
access_housemaid_account_payment_accountingmanager,account.payment.accountingmanager,account.model_account_payment,accounting_manager_user_group,1,1,1,1
access_housemaid_account_partial_reconcile_accountingmanager,account.partial.reconcile.accountingmanager,account.model_account_partial_reconcile,accounting_manager_user_group,1,1,1,1
access_housemaid_account_account_type_accountingmanager,account.account.type.accountingmanager,account.model_account_account_type,accounting_manager_user_group,1,1,1,1
access_housemaid_account_account_accountingmanager,account.account.accountingmanager,account.model_account_account,accounting_manager_user_group,1,1,1,1
access_housemaid_account_payment_method_accountingmanager,account.payment.method.accountingmanager,account.model_account_payment_method,accounting_manager_user_group,1,1,1,1
access_housemaid_account_analytic_line_accountingmanager,account.analytic.line.accountingmanager,account.model_account_analytic_line,accounting_manager_user_group,1,1,1,1
access_housemaid_account_full_reconcile_accountingmanager,account.full.reconcile.accountingmanager,account.model_account_full_reconcile,accounting_manager_user_group,1,1,1,1
access_housemaid_configuration_systemreports_accountingmanager,housemaidsystem.housemaidsystem.configuration.systemreports.accountingmanager,housemaidsystem.model_housemaidsystem_configuration_systemreports,accounting_manager_user_group,1,1,1,1
access_housemaid_configuration_systemreportparameters_accountingmanager,housemaidsystem.housemaidsystem.configuration.systemreportparameters.accountingmanager,housemaidsystem.model_housemaidsystem_configuration_systemreportparameters,accounting_manager_user_group,1,1,1,1
access_housemaid_sponsorpayments_accountingmanager,housemaidsystem.housemaidsystem.sponsorpayments.accountingmanager,housemaidsystem.model_housemaidsystem_sponsorpayments,accounting_manager_user_group,1,1,1,1
access_housemaid_applicant_housemaidsystem_system_support_accountingmanager,housemaidsystem.housemaidsystem.system.support.accountingmanager,housemaidsystem.model_housemaidsystem_system_support,accounting_manager_user_group,1,0,0,0
access_housemaid_housemaidsystem_wizard_application_activation_wz_accountingmanager,housemaidsystem.housemaidsystem.wizard.application_activation_wz.accountingmanager,housemaidsystem.model_housemaidsystem_wizard_application_activation_wz,accounting_manager_user_group,1,1,1,1
access_housemaid_housemaidsystem_wizard_application_cancellation_wz_accountingmanager,housemaidsystem.housemaidsystem.wizard.application_cancellation_wz.accountingmanager,housemaidsystem.model_housemaidsystem_wizard_application_cancellation_wz,accounting_manager_user_group,1,1,1,1
access_housemaid_housemaidsystem_wizard_application_list_wz_accountingmanager,housemaidsystem.housemaidsystem.wizard.application_list_wz.accountingmanager,housemaidsystem.model_housemaidsystem_wizard_application_list_wz,accounting_manager_user_group,1,1,1,1
access_housemaid_housemaidsystem_wizard_arrival_list_wz_accountingmanager,housemaidsystem.housemaidsystem.wizard.arrival_list_wz.accountingmanager,housemaidsystem.model_housemaidsystem_wizard_arrival_list_wz,sales_user_group,1,1,1,1
access_housemaid_housemaidsystem_wizard_deliver_list_wz_accountingmanager,housemaidsystem.housemaidsystem.wizard.deliver_list_wz.accountingmanager,housemaidsystem.model_housemaidsystem_wizard_deliver_list_wz,sales_user_group,1,1,1,1
access_housemaid_housemaidsystem_wizard_expected_arrival_list_wz_accountingmanager,housemaidsystem.housemaidsystem.wizard.expected_arrival_list_wz.accountingmanager,housemaidsystem.model_housemaidsystem_wizard_expected_arrival_list_wz,sales_user_group,1,1,1,1
access_housemaid_housemaidsystem_wizard_reservations_list_wz_accountingmanager,housemaidsystem.housemaidsystem.wizard.reservations_list_wz.accountingmanager,housemaidsystem.model_housemaidsystem_wizard_reservations_list_wz,sales_user_group,1,1,1,1
access_housemaid_housemaidsystem_wizard_visa_list_wz_accountingmanager,housemaidsystem.housemaidsystem.wizard.visa_list_wz.accountingmanager,housemaidsystem.model_housemaidsystem_wizard_visa_list_wz,sales_user_group,1,1,1,1
access_base_ir_ui_view_accountingmanager,base.ir.ui.view.accountingmanager,base.model_ir_ui_view,accounting_manager_user_group,1,1,1,1
access_base_ir_sequence_accountingmanager,base.ir.sequence.accountingmanager,base.model_ir_sequence,accounting_manager_user_group,1,1,1,1
access_housemaid_applicant_collect_payment_late_accountingmanager,housemaidsystem.housemaidsystem.applicant.collect_payment_late.accountingmanager,housemaidsystem.model_housemaidsystem_applicant_collect_payment_late,accounting_manager_user_group,1,1,1,1
access_housemaid_configuration_contracts_print_accountingmanager,housemaidsystem.housemaidsystem.configuration.contracts_print.accountingmanager,housemaidsystem.model_housemaidsystem_configuration_contracts_print,accounting_manager_user_group,1,1,1,1
access_housemaid_configuration_area_accountingmanager,housemaidsystem.housemaidsystem.configuration.area.accountingmanager,housemaidsystem.model_housemaidsystem_configuration_area,accounting_manager_user_group,1,1,1,1
